Workbook
Name IDX: QA!#REF!

Sheet handsmoothed
A1: vctot | B1: ss3 | C1: ss1 | D1: ss5 | E1: ReverseCross | F1: c3_4 | G1: c4_5 | H1: ReverseDown | I1: d3 | J1: d4 | K1: d5 | M1: ssq3 | N1: ssq4 | O1: ssq5 | Q1: f3 | R1: f345 | S1: f5
A2: 0 | B2: 1 | C2: 1 | D2: 1 | F2: =B2-C2 -> 0 | G2: =C2-D2 -> 0 | I2: =B3-B2 -> 0 | J2: =C3-C2 -> 0 | K2: =D3-D2 -> 0 | M2: =B2^2 -> 1 | N2: =C2^2 -> 1 | O2: =D2^2 -> 1 | Q2: 0 | R2: 0.0018518519 | S2: 0.0055555556
A3: 1 | B3: 1 | C3: 1 | D3: 1 | F3: =B3-C3 -> 0 | G3: =C3-D3 -> 0 | I3: =B4-B3 -> 0 | J3: =C4-C3 -> 0 | K3: =D4-D3 -> 0 | M3: =B3^2 -> 1 | N3: =C3^2 -> 1 | O3: =D3^2 -> 1 | Q3: 0 | R3: 0 | S3: 0
A4: 2 | B4: 1 | C4: 1 | D4: 1 | F4: =B4-C4 -> 0 | G4: =C4-D4 -> 0 | I4: =B5-B4 -> 0 | J4: =C5-C4 -> 0 | K4: =D5-D4 -> 0 | M4: =B4^2 -> 1 | N4: =C4^2 -> 1 | O4: =D4^2 -> 1 | Q4: 0 | R4: 0 | S4: 0
A5: 3 | B5: 1 | C5: 1 | D5: 1 | F5: =B5-C5 -> 0 | G5: =C5-D5 -> 0 | I5: =B6-B5 -> 1 | J5: =C6-C5 -> 1 | K5: =D6-D5 -> 1 | M5: =B5^2 -> 1 | N5: =C5^2 -> 1 | O5: =D5^2 -> 1 | Q5: 0 | R5: 0 | S5: 0
A6: 4 | B6: 2 | C6: 2 | D6: 2 | F6: =B6-C6 -> 0 | G6: =C6-D6 -> 0 | I6: =B7-B6 -> 0 | J6: =C7-C6 -> 0 | K6: =D7-D6 -> 0 | M6: =B6^2 -> 4 | N6: =C6^2 -> 4 | O6: =D6^2 -> 4 | Q6: 0 | R6: 0.0037037037 | S6: 0.0055555556
A7: 5 | B7: 2 | C7: 2 | D7: 2 | F7: =B7-C7 -> 0 | G7: =C7-D7 -> 0 | I7: =B8-B7 -> 1 | J7: =C8-C7 -> 1 | K7: =D8-D7 -> 1 | M7: =B7^2 -> 4 | N7: =C7^2 -> 4 | O7: =D7^2 -> 4 | Q7: 0 | R7: 0 | S7: 0
A8: 6 | B8: 3 | C8: 3 | D8: 3 | F8: =B8-C8 -> 0 | G8: =C8-D8 -> 0 | I8: =B9-B8 -> 0 | J8: =C9-C8 -> 0 | K8: =D9-D8 -> 0 | M8: =B8^2 -> 9 | N8: =C8^2 -> 9 | O8: =D8^2 -> 9 | Q8: 0 | R8: 0 | S8: 0
A9: 7 | B9: 3 | C9: 3 | D9: 3 | F9: =B9-C9 -> 0 | G9: =C9-D9 -> 0 | I9: =B10-B9 -> 0 | J9: =C10-C9 -> 0 | K9: =D10-D9 -> 0 | M9: =B9^2 -> 9 | N9: =C9^2 -> 9 | O9: =D9^2 -> 9 | Q9: 0 | R9: 0.0018518519 | S9: 0.0055555556
A10: 8 | B10: 3 | C10: 3 | D10: 3 | F10: =B10-C10 -> 0 | G10: =C10-D10 -> 0 | I10: =B11-B10 -> 1 | J10: =C11-C10 -> 1 | K10: =D11-D10 -> 1 | M10: =B10^2 -> 9 | N10: =C10^2 -> 9 | O10: =D10^2 -> 9 | Q10: 0 | R10: 0.0037037037 | S10: 0.0055555556
A11: 9 | B11: 4 | C11: 4 | D11: 4 | F11: =B11-C11 -> 0 | G11: =C11-D11 -> 0 | I11: =B12-B11 -> 0 | J11: =C12-C11 -> 0 | K11: =D12-D11 -> 0 | M11: =B11^2 -> 16 | N11: =C11^2 -> 16 | O11: =D11^2 -> 16 | Q11: 0.016666667 | R11: 0.0092592593 | S11: 0.011111111
A12: 10 | B12: 4 | C12: 4 | D12: 4 | F12: =B12-C12 -> 0 | G12: =C12-D12 -> 0 | I12: =B13-B12 -> 0 | J12: =C13-C12 -> 0 | K12: =D13-D12 -> 0 | M12: =B12^2 -> 16 | N12: =C12^2 -> 16 | O12: =D12^2 -> 16 | Q12: 0 | R12: 0.0037037037 | S12: 0.0055555556
A13: 11 | B13: 4 | C13: 4 | D13: 4 | F13: =B13-C13 -> 0 | G13: =C13-D13 -> 0 | I13: =B14-B13 -> 1 | J13: =C14-C13 -> 1 | K13: =D14-D13 -> 1 | M13: =B13^2 -> 16 | N13: =C13^2 -> 16 | O13: =D13^2 -> 16 | Q13: 0.016666667 | R13: 0.014814815 | S13: 0.016666667
... A46: 44 | B46: 19 | C46: 19 | D46: 18 | F46: =B46-C46 -> 0 | G46: =C46-D46 -> 1 | I46: =B47-B46 -> 0 | J46: =C47-C46 -> 0 | K46: =D47-D46 -> 1 | M46: =B46^2 -> 361 | N46: =C46^2 -> 361 | O46: =D46^2 -> 324 | Q46: 0 | R46: 0.0037037037 | S46: 0.0055555556
A47: 45 | B47: 19 | C47: 19 | D47: 19 | F47: =B47-C47 -> 0 | G47: =C47-D47 -> 0 | M47: =B47^2 -> 361 | N47: =C47^2 -> 361 | O47: =D47^2 -> 361 | Q47: 0 | R47: 0 | S47: 0
A48: N | B48: =SUM(Q2:Q47) -> 1 | C48: =SUM(R2:R47) -> 1 | D48: =SUM(S2:S47) -> 1 | E48: =SUM(B48:D48) -> 3
A49: MEAN | B49: =(SUMPRODUCT(B2:B47,Q2:Q47)/B48) -> 10.255556 | C49: =(SUMPRODUCT(C2:C47,R2:R47)/C48) -> 10.02037 | D49: =(SUMPRODUCT(D2:D47,S2:S47)/D48) -> 10.044444 | E49: =#REF!/E48 -> #REF!
A50: SD | B50: =SQRT(SUMPRODUCT(M2:M47,Q2:Q47)/B48-B49^2) -> 2.8792789 | C50: =SQRT(SUMPRODUCT(N2:N47,R2:R47)/C48-C49^2) -> 3.0217655 | D50: =SQRT(SUMPRODUCT(O2:O47,S2:S47)/D48-D49^2) -> 3.1566899 | E50: =SQRT((#REF!-E49^2*E48)/(E48-1)) -> #REF!
A51: IDEALm | B51: =0.3-ABS(10-ROUND(B49,2)) -> 0.04 | C51: =0.3-ABS(10-ROUND(C49,2)) -> 0.28 | D51: =0.3-ABS(10-ROUND(D49,2)) -> 0.26 | E51: =0.3-ABS(10-ROUND(E49,2)) -> #REF!
A52: IDEALs | B52: =0.3-ABS(3-ROUND(B50,2)) -> 0.18 | C52: =0.3-ABS(3-ROUND(C50,2)) -> 0.28 | D52: =0.3-ABS(3-ROUND(D50,2)) -> 0.14 | E52: =0.3-ABS(3-ROUND(E50,2)) -> #REF!
A53: STANDARDm | B53: =0.6-ABS(10-ROUND(B49,2)) -> 0.34 | C53: =0.6-ABS(10-ROUND(C49,2)) -> 0.58 | D53: =0.6-ABS(10-ROUND(D49,2)) -> 0.56 | E53: =0.6-ABS(10-ROUND(E49,2)) -> #REF!
A54: STANDARDs | B54: =0.3-ABS(3-ROUND(B50,2)) -> 0.18 | C54: =0.3-ABS(3-ROUND(C50,2)) -> 0.28 | D54: =0.3-ABS(3-ROUND(D50,2)) -> 0.14 | E54: =0.3-ABS(3-ROUND(E50,2)) -> #REF!
A55: EXCEPIONm | B55: =0.9-ABS(10-ROUND(B49,2)) -> 0.64 | C55: =0.9-ABS(10-ROUND(C49,2)) -> 0.88 | D55: =0.9-ABS(10-ROUND(D49,2)) -> 0.86 | E55: =0.9-ABS(10-ROUND(E49,2)) -> #REF!
A56: EXCEPIONs | B56: =0.45-ABS(3-ROUND(B50,2)) -> 0.33 | C56: =0.45-ABS(3-ROUND(C50,2)) -> 0.43 | D56: =0.45-ABS(3-ROUND(D50,2)) -> 0.29 | E56: =0.45-ABS(3-ROUND(E50,2)) -> #REF!
A57: N1 | B57: =SUM(#REF!) -> #REF! | C57: =SUM(#REF!) -> #REF! | D57: =SUM(#REF!) -> #REF!
A58: MEAN1 | B58: =ROUND(B49,1) -> 10.3 | C58: =ROUND(C49,1) -> 10 | D58: =ROUND(D49,1) -> 10
A59: SD1 | B59: =ROUND(B50,1) -> 2.9 | C59: =ROUND(C50,1) -> 3 | D59: =ROUND(D50,1) -> 3.2

Sheet checksmooth
B1: g3 | C1: g4 | D1: g5 | G1: g3 | H1: g4 | L1: g3 | M1: g4 | N1: g5
A2: 1 | B2: =COUNTIF(handsmoothed!B$2:B$47,$A2) -> 4 | C2: =COUNTIF(handsmoothed!C$2:C$47,$A2) -> 4 | D2: =COUNTIF(handsmoothed!D$2:D$47,$A2) -> 4 | F2: 1 | G2: =B2-C2 -> 0 | H2: =C2-D2 -> 0 | K2: 1 | L2: =B3-B2 -> -2 | M2: =C3-C2 -> -2 | N2: =D3-D2 -> -2
A3: 2 | B3: =COUNTIF(handsmoothed!B$2:B$47,$A3) -> 2 | C3: =COUNTIF(handsmoothed!C$2:C$47,$A3) -> 2 | D3: =COUNTIF(handsmoothed!D$2:D$47,$A3) -> 2 | F3: 2 | G3: =B3-C3 -> 0 | H3: =C3-D3 -> 0 | K3: 2 | L3: =B4-B3 -> 1 | M3: =C4-C3 -> 1 | N3: =D4-D3 -> 1
A4: 3 | B4: =COUNTIF(handsmoothed!B$2:B$47,$A4) -> 3 | C4: =COUNTIF(handsmoothed!C$2:C$47,$A4) -> 3 | D4: =COUNTIF(handsmoothed!D$2:D$47,$A4) -> 3 | F4: 3 | G4: =B4-C4 -> 0 | H4: =C4-D4 -> 0 | K4: 3 | L4: =B5-B4 -> 0 | M4: =C5-C4 -> 0 | N4: =D5-D4 -> 0
A5: 4 | B5: =COUNTIF(handsmoothed!B$2:B$47,$A5) -> 3 | C5: =COUNTIF(handsmoothed!C$2:C$47,$A5) -> 3 | D5: =COUNTIF(handsmoothed!D$2:D$47,$A5) -> 3 | F5: 4 | G5: =B5-C5 -> 0 | H5: =C5-D5 -> 0 | K5: 4 | L5: =B6-B5 -> -1 | M5: =C6-C5 -> 0 | N5: =D6-D5 -> 0
A6: 5 | B6: =COUNTIF(handsmoothed!B$2:B$47,$A6) -> 2 | C6: =COUNTIF(handsmoothed!C$2:C$47,$A6) -> 3 | D6: =COUNTIF(handsmoothed!D$2:D$47,$A6) -> 3 | F6: 5 | G6: =B6-C6 -> -1 | H6: =C6-D6 -> 0 | K6: 5 | L6: =B7-B6 -> 0 | M6: =C7-C6 -> 0 | N6: =D7-D6 -> 0
A7: 6 | B7: =COUNTIF(handsmoothed!B$2:B$47,$A7) -> 2 | C7: =COUNTIF(handsmoothed!C$2:C$47,$A7) -> 3 | D7: =COUNTIF(handsmoothed!D$2:D$47,$A7) -> 3 | F7: 6 | G7: =B7-C7 -> -1 | H7: =C7-D7 -> 0 | K7: 6 | L7: =B8-B7 -> 1 | M7: =C8-C7 -> 0 | N7: =D8-D7 -> 0
A8: 7 | B8: =COUNTIF(handsmoothed!B$2:B$47,$A8) -> 3 | C8: =COUNTIF(handsmoothed!C$2:C$47,$A8) -> 3 | D8: =COUNTIF(handsmoothed!D$2:D$47,$A8) -> 3 | F8: 7 | G8: =B8-C8 -> 0 | H8: =C8-D8 -> 0 | K8: 7 | L8: =B9-B8 -> 0 | M8: =C9-C8 -> 0 | N8: =D9-D8 -> 0
A9: 8 | B9: =COUNTIF(handsmoothed!B$2:B$47,$A9) -> 3 | C9: =COUNTIF(handsmoothed!C$2:C$47,$A9) -> 3 | D9: =COUNTIF(handsmoothed!D$2:D$47,$A9) -> 3 | F9: 8 | G9: =B9-C9 -> 0 | H9: =C9-D9 -> 0 | K9: 8 | L9: =B10-B9 -> 0 | M9: =C10-C9 -> 0 | N9: =D10-D9 -> 0
A10: 9 | B10: =COUNTIF(handsmoothed!B$2:B$47,$A10) -> 3 | C10: =COUNTIF(handsmoothed!C$2:C$47,$A10) -> 3 | D10: =COUNTIF(handsmoothed!D$2:D$47,$A10) -> 3 | F10: 9 | G10: =B10-C10 -> 0 | H10: =C10-D10 -> 0 | K10: 9 | L10: =B11-B10 -> 0 | M10: =C11-C10 -> -1 | N10: =D11-D10 -> 0
A11: 10 | B11: =COUNTIF(handsmoothed!B$2:B$47,$A11) -> 3 | C11: =COUNTIF(handsmoothed!C$2:C$47,$A11) -> 2 | D11: =COUNTIF(handsmoothed!D$2:D$47,$A11) -> 3 | F11: 10 | G11: =B11-C11 -> 1 | H11: =C11-D11 -> -1 | K11: 10 | L11: =B12-B11 -> -1 | M11: =C12-C11 -> 0 | N11: =D12-D11 -> -1
A12: 11 | B12: =COUNTIF(handsmoothed!B$2:B$47,$A12) -> 2 | C12: =COUNTIF(handsmoothed!C$2:C$47,$A12) -> 2 | D12: =COUNTIF(handsmoothed!D$2:D$47,$A12) -> 2 | F12: 11 | G12: =B12-C12 -> 0 | H12: =C12-D12 -> 0 | K12: 11 | L12: =B13-B12 -> 0 | M12: =C13-C12 -> 0 | N12: =D13-D12 -> 0
A13: 12 | B13: =COUNTIF(handsmoothed!B$2:B$47,$A13) -> 2 | C13: =COUNTIF(handsmoothed!C$2:C$47,$A13) -> 2 | D13: =COUNTIF(handsmoothed!D$2:D$47,$A13) -> 2 | F13: 12 | G13: =B13-C13 -> 0 | H13: =C13-D13 -> 0 | K13: 12 | L13: =B14-B13 -> 0 | M13: =C14-C13 -> 0 | N13: =D14-D13 -> 0
... A19: 18 | B19: =COUNTIF(handsmoothed!B$2:B$47,$A19) -> 2 | C19: =COUNTIF(handsmoothed!C$2:C$47,$A19) -> 2 | D19: =COUNTIF(handsmoothed!D$2:D$47,$A19) -> 2 | F19: 18 | G19: =B19-C19 -> 0 | H19: =C19-D19 -> 0 | K19: 18 | L19: =B20-B19 -> 1 | M19: =C20-C19 -> 0 | N19: =D20-D19 -> -1
A20: 19 | B20: =COUNTIF(handsmoothed!B$2:B$47,$A20) -> 3 | C20: =COUNTIF(handsmoothed!C$2:C$47,$A20) -> 2 | D20: =COUNTIF(handsmoothed!D$2:D$47,$A20) -> 1 | F20: 19 | G20: =B20-C20 -> 1 | H20: =C20-D20 -> 1

Sheet out
A1: wais5_vc_raw | B1: =handsmoothed!C1 -> ss1
A2: =handsmoothed!A2 -> 0 | B2: =handsmoothed!C2 -> 1
A3: =handsmoothed!A3 -> 1 | B3: =handsmoothed!C3 -> 1
A4: =handsmoothed!A4 -> 2 | B4: =handsmoothed!C4 -> 1
A5: =handsmoothed!A5 -> 3 | B5: =handsmoothed!C5 -> 1
A6: =handsmoothed!A6 -> 4 | B6: =handsmoothed!C6 -> 2
A7: =handsmoothed!A7 -> 5 | B7: =handsmoothed!C7 -> 2
A8: =handsmoothed!A8 -> 6 | B8: =handsmoothed!C8 -> 3
A9: =handsmoothed!A9 -> 7 | B9: =handsmoothed!C9 -> 3
A10: =handsmoothed!A10 -> 8 | B10: =handsmoothed!C10 -> 3
A11: =handsmoothed!A11 -> 9 | B11: =handsmoothed!C11 -> 4
A12: =handsmoothed!A12 -> 10 | B12: =handsmoothed!C12 -> 4
A13: =handsmoothed!A13 -> 11 | B13: =handsmoothed!C13 -> 4
... A47: =handsmoothed!A47 -> 45 | B47: =handsmoothed!C47 -> 19

Sheet QA
A1: Overall Mean
A3: The MEANS Procedure
A5: Analysis Variable : vc_ss
A6: N | B6: Mean | C6: Std Dev | D6: Minimum | E6: Maximum
A7: 540 | B7: 10.0204 | C7: 3.0246 | D7: 1 | E7: 19
A12: wais5 norm (vc)
A14: Obs | B14: P_02 | C14: P_16 | D14: P_50 | E14: P_84 | F14: P_98
A15: 1 | B15: 4 | C15: 7 | D15: 10 | E15: 13 | F15: 16
