Workbook

Sheet handsmooth
A1: wais5_vci_sum | B1: g1 | C1: freq | G1: rev | I1: ssq1
A2: 2 | B2: 45 | C2: 0 | D2: 49-51 | G2: =B3-B2 -> 4 | I2: =B2^2 -> 2025
A3: 3 | B3: 49 | C3: 4 | G3: =B4-B3 -> 3 | I3: =B3^2 -> 2401
A4: 4 | B4: 52 | C4: 2 | G4: =B5-B4 -> 4 | I4: =B4^2 -> 2704
A5: 5 | B5: 56 | C5: 3 | G5: =B6-B5 -> 3 | I5: =B5^2 -> 3136
A6: 6 | B6: 59 | C6: 3 | G6: =B7-B6 -> 4 | I6: =B6^2 -> 3481
A7: 7 | B7: 63 | C7: 7 | G7: =B8-B7 -> 3 | I7: =B7^2 -> 3969
A8: 8 | B8: 66 | C8: 13 | D8: 66-68 | G8: =B9-B8 -> 3 | I8: =B8^2 -> 4356
A9: 9 | B9: 69 | C9: 28 | G9: =B10-B9 -> 4 | I9: =B9^2 -> 4761
A10: 10 | B10: 73 | C10: 41 | G10: =B11-B10 -> 3 | I10: =B10^2 -> 5329
A11: 11 | B11: 76 | C11: 39 | G11: =B12-B11 -> 3 | I11: =B11^2 -> 5776
A12: 12 | B12: 79 | C12: 47 | G12: =B13-B12 -> 2 | I12: =B12^2 -> 6241
A13: 13 | B13: 81 | C13: 56 | G13: =B14-B13 -> 3 | I13: =B13^2 -> 6561
A14: 14 | B14: 84 | C14: 72 | D14: 83-84 | G14: =B15-B14 -> 3 | I14: =B14^2 -> 7056
A15: 15 | B15: 87 | C15: 94 | G15: =B16-B15 -> 2 | I15: =B15^2 -> 7569
A16: 16 | B16: 89 | C16: 115 | G16: =B17-B16 -> 3 | I16: =B16^2 -> 7921
A17: 17 | B17: 92 | C17: 124 | G17: =B18-B17 -> 3 | I17: =B17^2 -> 8464
A18: 18 | B18: 95 | C18: 138 | G18: =B19-B18 -> 3 | I18: =B18^2 -> 9025
A19: 19 | B19: 98 | C19: 143 | G19: =B20-B19 -> 2 | I19: =B19^2 -> 9604
A20: 20 | B20: 100 | C20: 143 | D20: 100 | G20: =B21-B20 -> 2 | I20: =B20^2 -> 10000
A21: 21 | B21: 102 | C21: 133 | G21: =B22-B21 -> 3 | I21: =B21^2 -> 10404
A22: 22 | B22: 105 | C22: 155 | G22: =B23-B22 -> 3 | I22: =B22^2 -> 11025
A23: 23 | B23: 108 | C23: 128 | G23: =B24-B23 -> 3 | I23: =B23^2 -> 11664
A24: 24 | B24: 111 | C24: 121 | G24: =B25-B24 -> 3 | I24: =B24^2 -> 12321
A25: 25 | B25: 114 | C25: 83 | G25: =B26-B25 -> 2 | I25: =B25^2 -> 12996
A26: 26 | B26: 116 | C26: 92 | D26: 116-117 | G26: =B27-B26 -> 3 | I26: =B26^2 -> 13456
A27: 27 | B27: 119 | C27: 73 | G27: =B28-B27 -> 2 | I27: =B27^2 -> 14161
A28: 28 | B28: 121 | C28: 54 | G28: =B29-B28 -> 3 | I28: =B28^2 -> 14641
A29: 29 | B29: 124 | C29: 26 | G29: =B30-B29 -> 3 | I29: =B29^2 -> 15376
A30: 30 | B30: 127 | C30: 31 | G30: =B31-B30 -> 3 | I30: =B30^2 -> 16129
A31: 31 | B31: 130 | C31: 18 | G31: =B32-B31 -> 3 | I31: =B31^2 -> 16900
A32: 32 | B32: 133 | C32: 11 | D32: 132-134 | G32: =B33-B32 -> 3 | I32: =B32^2 -> 17689
A33: 33 | B33: 136 | C33: 9 | G33: =B34-B33 -> 4 | I33: =B33^2 -> 18496
A34: 34 | B34: 140 | C34: 2 | G34: =B35-B34 -> 4 | I34: =B34^2 -> 19600
A35: 35 | B35: 144 | C35: 8 | G35: =B36-B35 -> 3 | I35: =B35^2 -> 20736
A36: 36 | B36: 147 | C36: 2 | G36: =B37-B36 -> 4 | I36: =B36^2 -> 21609
A37: 37 | B37: 151 | C37: 1 | G37: =B38-B37 -> 4 | I37: =B37^2 -> 22801
A38: 38 | B38: 155 | C38: 1 | D38: 149-151 | I38: =B38^2 -> 24025
A39: mean | B39: =SUMPRODUCT(B2:B38,C2:C38)/2020 -> 100.02277 | C39: . | D39: Check | F39: N=2020 | G39: Ideal | H39: Actual
A40: sd1 | B40: =ROUND(SQRT(SUMPRODUCT(C2:C38,I2:I38)/2020-B39^2),2) -> 15 | C40: . | D40: 130 | E40: 160 | F40: =CONCATENATE(D40,"-",E40) -> 130-160 | G40: =ROUND((NORMDIST(E40+0.5,100,15,TRUE)-NORMDIST(D40-0.5,100,15,TRUE))*100,2) -> 2.46 | H40: =ROUND(100*(SUMIF(B$2:B$38,"<="&E40,C$2:C$38)-SUMIF(B$2:B$38,"<"&D40,C$2:C$38))/2020,2) -> 2.57 | I40: =G40-H40 -> -0.11 | J40: =CONCATENATE(ABS(ROUND(I40/100*2020,1)),"-",IF(I40/100*2020<0,$S$41,$S$40)) -> 2.2-too many | K40: =RANK(N40,N$40:N$50,-1) -> 8 | N40: =AVERAGE(O40,P40) -> 8 | O40: =RANK(R40,R$40:R$50) -> 9 | P40: =RANK(Q40,Q$40:Q$50) -> 7 | Q40: =ABS(I40/G40) -> 0.044715447 | R40: =ABS(I40) -> 0.11 | S40: too few
A41: sd2 | B41: =ROUND(B40*SQRT(2020/(2020-1)),2) -> 15 | C41: . | D41: 120 | E41: 129 | F41: =CONCATENATE(D41,"-",E41) -> 120-129 | G41: =ROUND((NORMDIST(E41+0.5,100,15,TRUE)-NORMDIST(D41-0.5,100,15,TRUE))*100,2) -> 7.22 | H41: =ROUND(100*(SUMIF(B$2:B$38,"<="&E41,C$2:C$38)-SUMIF(B$2:B$38,"<"&D41,C$2:C$38))/2020,2) -> 5.5 | I41: =G41-H41 -> 1.72 | J41: =CONCATENATE(ABS(ROUND(I41/100*2020,1)),"-",IF(I41/100*2020<0,$S$41,$S$40)) -> 34.7-too few | K41: =RANK(N41,N$40:N$50) -> 9 | N41: =AVERAGE(O41,P41) -> 2 | O41: =RANK(R41,R$40:R$50) -> 2 | P41: =RANK(Q41,Q$40:Q$50) -> 2 | Q41: =ABS(I41/G41) -> 0.23822715 | R41: =ABS(I41) -> 1.72 | S41: too many
A42: ideal | B42: =0.2-ABS(100-ROUND(B39,2)) -> 0.18 | C42: . | D42: 110 | E42: 119 | F42: =CONCATENATE(D42,"-",E42) -> 110-119 | G42: =ROUND((NORMDIST(E42+0.5,100,15,TRUE)-NORMDIST(D42-0.5,100,15,TRUE))*100,2) -> 16.65 | H42: =ROUND(100*(SUMIF(B$2:B$38,"<="&E42,C$2:C$38)-SUMIF(B$2:B$38,"<"&D42,C$2:C$38))/2020,2) -> 18.27 | I42: =G42-H42 -> -1.62 | J42: =CONCATENATE(ABS(ROUND(I42/100*2020,1)),"-",IF(I41/100*2020<0,$S$41,$S$40)) -> 32.7-too few | K42: =RANK(N42,N$40:N$50) -> 8 | N42: =AVERAGE(O42,P42) -> 3 | O42: =RANK(R42,R$40:R$50) -> 3 | P42: =RANK(Q42,Q$40:Q$50) -> 3 | Q42: =ABS(I42/G42) -> 0.097297297 | R42: =ABS(I42) -> 1.62
B43: =0.1-ABS(15-B40) -> 0.1 | C43: . | D43: 90 | E43: 109 | F43: =CONCATENATE(D43,"-",E43) -> 90-109 | G43: =ROUND((NORMDIST(E43+0.5,100,15,TRUE)-NORMDIST(D43-0.5,100,15,TRUE))*100,2) -> 49.48 | H43: =ROUND(100*(SUMIF(B$2:B$38,"<="&E43,C$2:C$38)-SUMIF(B$2:B$38,"<"&D43,C$2:C$38))/2020,2) -> 47.72 | I43: =G43-H43 -> 1.76 | J43: =CONCATENATE(ABS(ROUND(I43/100*2020,1)),"-",IF(I43/100*2020<0,$S$41,$S$40)) -> 35.6-too few | K43: =RANK(N43,N$40:N$50) -> 6 | N43: =AVERAGE(O43,P43) -> 4.5 | O43: =RANK(R43,R$40:R$50) -> 1 | P43: =RANK(Q43,Q$40:Q$50) -> 8 | Q43: =ABS(I43/G43) -> 0.035569927 | R43: =ABS(I43) -> 1.76
B44: =0.1-ABS(15-B41) -> 0.1 | C44: . | D44: 80 | E44: 89 | F44: =CONCATENATE(D44,"-",E44) -> 80-89 | G44: =ROUND((NORMDIST(E44+0.5,100,15,TRUE)-NORMDIST(D44-0.5,100,15,TRUE))*100,2) -> 15.61 | H44: =ROUND(100*(SUMIF(B$2:B$38,"<="&E44,C$2:C$38)-SUMIF(B$2:B$38,"<"&D44,C$2:C$38))/2020,2) -> 16.68 | I44: =G44-H44 -> -1.07 | J44: =CONCATENATE(ABS(ROUND(I44/100*2020,1)),"-",IF(I44/100*2020<0,$S$41,$S$40)) -> 21.6-too many | K44: =RANK(N44,N$40:N$50) -> 4 | N44: =AVERAGE(O44,P44) -> 5 | O44: =RANK(R44,R$40:R$50) -> 5 | P44: =RANK(Q44,Q$40:Q$50) -> 5 | Q44: =ABS(I44/G44) -> 0.068545804 | R44: =ABS(I44) -> 1.07
A45: standard | B45: =0.4-ABS(100-ROUND(B39,2)) -> 0.38 | C45: . | D45: 70 | E45: 79 | F45: =CONCATENATE(D45,"-",E45) -> 70-79 | G45: =ROUND((NORMDIST(E45+0.5,100,15,TRUE)-NORMDIST(D45-0.5,100,15,TRUE))*100,2) -> 6.49 | H45: =ROUND(100*(SUMIF(B$2:B$38,"<="&E45,C$2:C$38)-SUMIF(B$2:B$38,"<"&D45,C$2:C$38))/2020,2) -> 6.29 | I45: =G45-H45 -> 0.2 | J45: =CONCATENATE(ABS(ROUND(I45/100*2020,1)),"-",IF(I45/100*2020<0,$S$41,$S$40)) -> 4-too few | K45: =RANK(N45,N$40:N$50) -> 1 | N45: =AVERAGE(O45,P45) -> 8.5 | O45: =RANK(R45,R$40:R$50) -> 8 | P45: =RANK(Q45,Q$40:Q$50) -> 9 | Q45: =ABS(I45/G45) -> 0.030816641 | R45: =ABS(I45) -> 0.2
B46: =0.2-ABS(15-B40) -> 0.2 | C46: . | D46: 40 | E46: 69 | F46: =CONCATENATE(D46,"-",E46) -> 40-69 | G46: =ROUND((NORMDIST(E46+0.5,100,15,TRUE)-NORMDIST(D46-0.5,100,15,TRUE))*100,2) -> 2.1 | H46: =ROUND(100*(SUMIF(B$2:B$38,"<="&E46,C$2:C$38)-SUMIF(B$2:B$38,"<"&D46,C$2:C$38))/2020,2) -> 2.97 | I46: =G46-H46 -> -0.87 | J46: =CONCATENATE(ABS(ROUND(I46/100*2020,1)),"-",IF(I46/100*2020<0,$S$41,$S$40)) -> 17.6-too many | K46: =RANK(N46,N$40:N$50) -> 7 | N46: =AVERAGE(O46,P46) -> 3.5 | O46: =RANK(R46,R$40:R$50) -> 6 | P46: =RANK(Q46,Q$40:Q$50) -> 1 | Q46: =ABS(I46/G46) -> 0.41428571 | R46: =ABS(I46) -> 0.87
B47: =0.2-ABS(15-B41) -> 0.2 | C47: . | D47: 40 | E47: 85 | F47: =CONCATENATE(D47,"-",E47) -> 40-85 | G47: =ROUND((NORMDIST(E47+0.5,100,15,TRUE)-NORMDIST(D47-0.5,100,15,TRUE))*100,2) -> 16.68 | H47: =ROUND(100*(SUMIF(B$2:B$38,"<="&E47,C$2:C$38)-SUMIF(B$2:B$38,"<"&D47,C$2:C$38))/2020,2) -> 15.59 | I47: =G47-H47 -> 1.09 | J47: =CONCATENATE(ABS(ROUND(I47/100*2020,1)),"-",IF(I47/100*2020<0,$S$41,$S$40)) -> 22-too few | K47: =RANK(N47,N$40:N$50) -> 4 | N47: =AVERAGE(O47,P47) -> 5 | O47: =RANK(R47,R$40:R$50) -> 4 | P47: =RANK(Q47,Q$40:Q$50) -> 6 | Q47: =ABS(I47/G47) -> 0.065347722 | R47: =ABS(I47) -> 1.09
A48: exception | B48: =1-ABS(100-ROUND(B39,2)) -> 0.98 | C48: . | D48: 40 | E48: 78 | F48: =CONCATENATE(D48,"-",E48) -> 40-78 | G48: =ROUND((NORMDIST(E48+0.5,100,15,TRUE)-NORMDIST(D48-0.5,100,15,TRUE))*100,2) -> 7.59 | H48: =ROUND(100*(SUMIF(B$2:B$38,"<="&E48,C$2:C$38)-SUMIF(B$2:B$38,"<"&D48,C$2:C$38))/2020,2) -> 6.93 | I48: =G48-H48 -> 0.66 | J48: =CONCATENATE(ABS(ROUND(I48/100*2020,1)),"-",IF(I48/100*2020<0,$S$41,$S$40)) -> 13.3-too few | K48: =RANK(N48,N$40:N$50) -> 3 | N48: =AVERAGE(O48,P48) -> 5.5 | O48: =RANK(R48,R$40:R$50) -> 7 | P48: =RANK(Q48,Q$40:Q$50) -> 4 | Q48: =ABS(I48/G48) -> 0.086956522 | R48: =ABS(I48) -> 0.66
B49: =0.5-ABS(15-B40) -> 0.5 | C49: .
B50: =0.5-ABS(15-B41) -> 0.5 | C50: .

Sheet out
A1: wais5_vci_sum | B1: wais5_vci_ss | C1: 90% CI | D1: 95% CI | E1: %-tile
A2: =handsmooth!A2 -> 2 | B2: =handsmooth!B2 -> 45 | C2: =CONCATENATE(ROUND((100+$H$3*(B2-100))-(1.645*(15*$H$3*SQRT(1-$H$3))),0),"-",ROUND((100+$H$3*(B2-100))+(1.645*(15*$H$3*SQRT(1-$H$3))),0)) -> 43-55 | D2: =CONCATENATE(ROUND((100+$H$3*(B2-100))-(1.96*(15*$H$3*SQRT(1-$H$3))),0),"-",ROUND((100+$H$3*(B2-100))+(1.96*(15*$H$3*SQRT(1-$H$3))),0)) -> 42-56 | E2: =IF(B2<51,"<0.1",IF(B2<62,ROUND(NORMDIST(B2,100,15,TRUE)*100,1),IF(B2<139,ROUND(NORMDIST(B2,100,15,TRUE)*100,0),IF(B2<150,ROUND(NORMDIST(B2,100,15,TRUE)*100,1),">99.9")))) -> <0.1
A3: =handsmooth!A3 -> 3 | B3: =handsmooth!B3 -> 49 | C3: =CONCATENATE(ROUND((100+$H$3*(B3-100))-(1.645*(15*$H$3*SQRT(1-$H$3))),0),"-",ROUND((100+$H$3*(B3-100))+(1.645*(15*$H$3*SQRT(1-$H$3))),0)) -> 46-59 | D3: =CONCATENATE(ROUND((100+$H$3*(B3-100))-(1.96*(15*$H$3*SQRT(1-$H$3))),0),"-",ROUND((100+$H$3*(B3-100))+(1.96*(15*$H$3*SQRT(1-$H$3))),0)) -> 45-60 | E3: =IF(B3<51,"<0.1",IF(B3<62,ROUND(NORMDIST(B3,100,15,TRUE)*100,1),IF(B3<139,ROUND(NORMDIST(B3,100,15,TRUE)*100,0),IF(B3<150,ROUND(NORMDIST(B3,100,15,TRUE)*100,1),">99.9")))) -> <0.1 | G3: composite reliability: | H3: 0.93
A4: =handsmooth!A4 -> 4 | B4: =handsmooth!B4 -> 52 | C4: =CONCATENATE(ROUND((100+$H$3*(B4-100))-(1.645*(15*$H$3*SQRT(1-$H$3))),0),"-",ROUND((100+$H$3*(B4-100))+(1.645*(15*$H$3*SQRT(1-$H$3))),0)) -> 49-61 | D4: =CONCATENATE(ROUND((100+$H$3*(B4-100))-(1.96*(15*$H$3*SQRT(1-$H$3))),0),"-",ROUND((100+$H$3*(B4-100))+(1.96*(15*$H$3*SQRT(1-$H$3))),0)) -> 48-63 | E4: =IF(B4<51,"<0.1",IF(B4<62,ROUND(NORMDIST(B4,100,15,TRUE)*100,1),IF(B4<139,ROUND(NORMDIST(B4,100,15,TRUE)*100,0),IF(B4<150,ROUND(NORMDIST(B4,100,15,TRUE)*100,1),">99.9")))) -> 0.1
A5: =handsmooth!A5 -> 5 | B5: =handsmooth!B5 -> 56 | C5: =CONCATENATE(ROUND((100+$H$3*(B5-100))-(1.645*(15*$H$3*SQRT(1-$H$3))),0),"-",ROUND((100+$H$3*(B5-100))+(1.645*(15*$H$3*SQRT(1-$H$3))),0)) -> 53-65 | D5: =CONCATENATE(ROUND((100+$H$3*(B5-100))-(1.96*(15*$H$3*SQRT(1-$H$3))),0),"-",ROUND((100+$H$3*(B5-100))+(1.96*(15*$H$3*SQRT(1-$H$3))),0)) -> 52-66 | E5: =IF(B5<51,"<0.1",IF(B5<62,ROUND(NORMDIST(B5,100,15,TRUE)*100,1),IF(B5<139,ROUND(NORMDIST(B5,100,15,TRUE)*100,0),IF(B5<150,ROUND(NORMDIST(B5,100,15,TRUE)*100,1),">99.9")))) -> 0.2 | G5: NOTE: THIS PROGRAM USES ESTIMATED TRUE SCORES AND THE SEE.
A6: =handsmooth!A6 -> 6 | B6: =handsmooth!B6 -> 59 | C6: =CONCATENATE(ROUND((100+$H$3*(B6-100))-(1.645*(15*$H$3*SQRT(1-$H$3))),0),"-",ROUND((100+$H$3*(B6-100))+(1.645*(15*$H$3*SQRT(1-$H$3))),0)) -> 56-68 | D6: =CONCATENATE(ROUND((100+$H$3*(B6-100))-(1.96*(15*$H$3*SQRT(1-$H$3))),0),"-",ROUND((100+$H$3*(B6-100))+(1.96*(15*$H$3*SQRT(1-$H$3))),0)) -> 55-69 | E6: =IF(B6<51,"<0.1",IF(B6<62,ROUND(NORMDIST(B6,100,15,TRUE)*100,1),IF(B6<139,ROUND(NORMDIST(B6,100,15,TRUE)*100,0),IF(B6<150,ROUND(NORMDIST(B6,100,15,TRUE)*100,1),">99.9")))) -> 0.3
A7: =handsmooth!A7 -> 7 | B7: =handsmooth!B7 -> 63 | C7: =CONCATENATE(ROUND((100+$H$3*(B7-100))-(1.645*(15*$H$3*SQRT(1-$H$3))),0),"-",ROUND((100+$H$3*(B7-100))+(1.645*(15*$H$3*SQRT(1-$H$3))),0)) -> 60-72 | D7: =CONCATENATE(ROUND((100+$H$3*(B7-100))-(1.96*(15*$H$3*SQRT(1-$H$3))),0),"-",ROUND((100+$H$3*(B7-100))+(1.96*(15*$H$3*SQRT(1-$H$3))),0)) -> 58-73 | E7: =IF(B7<51,"<0.1",IF(B7<62,ROUND(NORMDIST(B7,100,15,TRUE)*100,1),IF(B7<139,ROUND(NORMDIST(B7,100,15,TRUE)*100,0),IF(B7<150,ROUND(NORMDIST(B7,100,15,TRUE)*100,1),">99.9")))) -> 1
A8: =handsmooth!A8 -> 8 | B8: =handsmooth!B8 -> 66 | C8: =CONCATENATE(ROUND((100+$H$3*(B8-100))-(1.645*(15*$H$3*SQRT(1-$H$3))),0),"-",ROUND((100+$H$3*(B8-100))+(1.645*(15*$H$3*SQRT(1-$H$3))),0)) -> 62-74 | D8: =CONCATENATE(ROUND((100+$H$3*(B8-100))-(1.96*(15*$H$3*SQRT(1-$H$3))),0),"-",ROUND((100+$H$3*(B8-100))+(1.96*(15*$H$3*SQRT(1-$H$3))),0)) -> 61-76 | E8: =IF(B8<51,"<0.1",IF(B8<62,ROUND(NORMDIST(B8,100,15,TRUE)*100,1),IF(B8<139,ROUND(NORMDIST(B8,100,15,TRUE)*100,0),IF(B8<150,ROUND(NORMDIST(B8,100,15,TRUE)*100,1),">99.9")))) -> 1
A9: =handsmooth!A9 -> 9 | B9: =handsmooth!B9 -> 69 | C9: =CONCATENATE(ROUND((100+$H$3*(B9-100))-(1.645*(15*$H$3*SQRT(1-$H$3))),0),"-",ROUND((100+$H$3*(B9-100))+(1.645*(15*$H$3*SQRT(1-$H$3))),0)) -> 65-77 | D9: =CONCATENATE(ROUND((100+$H$3*(B9-100))-(1.96*(15*$H$3*SQRT(1-$H$3))),0),"-",ROUND((100+$H$3*(B9-100))+(1.96*(15*$H$3*SQRT(1-$H$3))),0)) -> 64-78 | E9: =IF(B9<51,"<0.1",IF(B9<62,ROUND(NORMDIST(B9,100,15,TRUE)*100,1),IF(B9<139,ROUND(NORMDIST(B9,100,15,TRUE)*100,0),IF(B9<150,ROUND(NORMDIST(B9,100,15,TRUE)*100,1),">99.9")))) -> 2
A10: =handsmooth!A10 -> 10 | B10: =handsmooth!B10 -> 73 | C10: =CONCATENATE(ROUND((100+$H$3*(B10-100))-(1.645*(15*$H$3*SQRT(1-$H$3))),0),"-",ROUND((100+$H$3*(B10-100))+(1.645*(15*$H$3*SQRT(1-$H$3))),0)) -> 69-81 | D10: =CONCATENATE(ROUND((100+$H$3*(B10-100))-(1.96*(15*$H$3*SQRT(1-$H$3))),0),"-",ROUND((100+$H$3*(B10-100))+(1.96*(15*$H$3*SQRT(1-$H$3))),0)) -> 68-82 | E10: =IF(B10<51,"<0.1",IF(B10<62,ROUND(NORMDIST(B10,100,15,TRUE)*100,1),IF(B10<139,ROUND(NORMDIST(B10,100,15,TRUE)*100,0),IF(B10<150,ROUND(NORMDIST(B10,100,15,TRUE)*100,1),">99.9")))) -> 4
A11: =handsmooth!A11 -> 11 | B11: =handsmooth!B11 -> 76 | C11: =CONCATENATE(ROUND((100+$H$3*(B11-100))-(1.645*(15*$H$3*SQRT(1-$H$3))),0),"-",ROUND((100+$H$3*(B11-100))+(1.645*(15*$H$3*SQRT(1-$H$3))),0)) -> 72-84 | D11: =CONCATENATE(ROUND((100+$H$3*(B11-100))-(1.96*(15*$H$3*SQRT(1-$H$3))),0),"-",ROUND((100+$H$3*(B11-100))+(1.96*(15*$H$3*SQRT(1-$H$3))),0)) -> 70-85 | E11: =IF(B11<51,"<0.1",IF(B11<62,ROUND(NORMDIST(B11,100,15,TRUE)*100,1),IF(B11<139,ROUND(NORMDIST(B11,100,15,TRUE)*100,0),IF(B11<150,ROUND(NORMDIST(B11,100,15,TRUE)*100,1),">99.9")))) -> 5
A12: =handsmooth!A12 -> 12 | B12: =handsmooth!B12 -> 79 | C12: =CONCATENATE(ROUND((100+$H$3*(B12-100))-(1.645*(15*$H$3*SQRT(1-$H$3))),0),"-",ROUND((100+$H$3*(B12-100))+(1.645*(15*$H$3*SQRT(1-$H$3))),0)) -> 74-87 | D12: =CONCATENATE(ROUND((100+$H$3*(B12-100))-(1.96*(15*$H$3*SQRT(1-$H$3))),0),"-",ROUND((100+$H$3*(B12-100))+(1.96*(15*$H$3*SQRT(1-$H$3))),0)) -> 73-88 | E12: =IF(B12<51,"<0.1",IF(B12<62,ROUND(NORMDIST(B12,100,15,TRUE)*100,1),IF(B12<139,ROUND(NORMDIST(B12,100,15,TRUE)*100,0),IF(B12<150,ROUND(NORMDIST(B12,100,15,TRUE)*100,1),">99.9")))) -> 8
A13: =handsmooth!A13 -> 13 | B13: =handsmooth!B13 -> 81 | C13: =CONCATENATE(ROUND((100+$H$3*(B13-100))-(1.645*(15*$H$3*SQRT(1-$H$3))),0),"-",ROUND((100+$H$3*(B13-100))+(1.645*(15*$H$3*SQRT(1-$H$3))),0)) -> 76-88 | D13: =CONCATENATE(ROUND((100+$H$3*(B13-100))-(1.96*(15*$H$3*SQRT(1-$H$3))),0),"-",ROUND((100+$H$3*(B13-100))+(1.96*(15*$H$3*SQRT(1-$H$3))),0)) -> 75-90 | E13: =IF(B13<51,"<0.1",IF(B13<62,ROUND(NORMDIST(B13,100,15,TRUE)*100,1),IF(B13<139,ROUND(NORMDIST(B13,100,15,TRUE)*100,0),IF(B13<150,ROUND(NORMDIST(B13,100,15,TRUE)*100,1),">99.9")))) -> 10
A14: =handsmooth!A14 -> 14 | B14: =handsmooth!B14 -> 84 | C14: =CONCATENATE(ROUND((100+$H$3*(B14-100))-(1.645*(15*$H$3*SQRT(1-$H$3))),0),"-",ROUND((100+$H$3*(B14-100))+(1.645*(15*$H$3*SQRT(1-$H$3))),0)) -> 79-91 | D14: =CONCATENATE(ROUND((100+$H$3*(B14-100))-(1.96*(15*$H$3*SQRT(1-$H$3))),0),"-",ROUND((100+$H$3*(B14-100))+(1.96*(15*$H$3*SQRT(1-$H$3))),0)) -> 78-92 | E14: =IF(B14<51,"<0.1",IF(B14<62,ROUND(NORMDIST(B14,100,15,TRUE)*100,1),IF(B14<139,ROUND(NORMDIST(B14,100,15,TRUE)*100,0),IF(B14<150,ROUND(NORMDIST(B14,100,15,TRUE)*100,1),">99.9")))) -> 14
A15: =handsmooth!A15 -> 15 | B15: =handsmooth!B15 -> 87 | C15: =CONCATENATE(ROUND((100+$H$3*(B15-100))-(1.645*(15*$H$3*SQRT(1-$H$3))),0),"-",ROUND((100+$H$3*(B15-100))+(1.645*(15*$H$3*SQRT(1-$H$3))),0)) -> 82-94 | D15: =CONCATENATE(ROUND((100+$H$3*(B15-100))-(1.96*(15*$H$3*SQRT(1-$H$3))),0),"-",ROUND((100+$H$3*(B15-100))+(1.96*(15*$H$3*SQRT(1-$H$3))),0)) -> 81-95 | E15: =IF(B15<51,"<0.1",IF(B15<62,ROUND(NORMDIST(B15,100,15,TRUE)*100,1),IF(B15<139,ROUND(NORMDIST(B15,100,15,TRUE)*100,0),IF(B15<150,ROUND(NORMDIST(B15,100,15,TRUE)*100,1),">99.9")))) -> 19
A16: =handsmooth!A16 -> 16 | B16: =handsmooth!B16 -> 89 | C16: =CONCATENATE(ROUND((100+$H$3*(B16-100))-(1.645*(15*$H$3*SQRT(1-$H$3))),0),"-",ROUND((100+$H$3*(B16-100))+(1.645*(15*$H$3*SQRT(1-$H$3))),0)) -> 84-96 | D16: =CONCATENATE(ROUND((100+$H$3*(B16-100))-(1.96*(15*$H$3*SQRT(1-$H$3))),0),"-",ROUND((100+$H$3*(B16-100))+(1.96*(15*$H$3*SQRT(1-$H$3))),0)) -> 83-97 | E16: =IF(B16<51,"<0.1",IF(B16<62,ROUND(NORMDIST(B16,100,15,TRUE)*100,1),IF(B16<139,ROUND(NORMDIST(B16,100,15,TRUE)*100,0),IF(B16<150,ROUND(NORMDIST(B16,100,15,TRUE)*100,1),">99.9")))) -> 23
A17: =handsmooth!A17 -> 17 | B17: =handsmooth!B17 -> 92 | C17: =CONCATENATE(ROUND((100+$H$3*(B17-100))-(1.645*(15*$H$3*SQRT(1-$H$3))),0),"-",ROUND((100+$H$3*(B17-100))+(1.645*(15*$H$3*SQRT(1-$H$3))),0)) -> 86-99 | D17: =CONCATENATE(ROUND((100+$H$3*(B17-100))-(1.96*(15*$H$3*SQRT(1-$H$3))),0),"-",ROUND((100+$H$3*(B17-100))+(1.96*(15*$H$3*SQRT(1-$H$3))),0)) -> 85-100 | E17: =IF(B17<51,"<0.1",IF(B17<62,ROUND(NORMDIST(B17,100,15,TRUE)*100,1),IF(B17<139,ROUND(NORMDIST(B17,100,15,TRUE)*100,0),IF(B17<150,ROUND(NORMDIST(B17,100,15,TRUE)*100,1),">99.9")))) -> 30
... A38: =handsmooth!A38 -> 38 | B38: =handsmooth!B38 -> 155 | C38: =CONCATENATE(ROUND((100+$H$3*(B38-100))-(1.645*(15*$H$3*SQRT(1-$H$3))),0),"-",ROUND((100+$H$3*(B38-100))+(1.645*(15*$H$3*SQRT(1-$H$3))),0)) -> 145-157 | D38: =CONCATENATE(ROUND((100+$H$3*(B38-100))-(1.96*(15*$H$3*SQRT(1-$H$3))),0),"-",ROUND((100+$H$3*(B38-100))+(1.96*(15*$H$3*SQRT(1-$H$3))),0)) -> 144-158 | E38: =IF(B38<51,"<0.1",IF(B38<62,ROUND(NORMDIST(B38,100,15,TRUE)*100,1),IF(B38<139,ROUND(NORMDIST(B38,100,15,TRUE)*100,0),IF(B38<150,ROUND(NORMDIST(B38,100,15,TRUE)*100,1),">99.9")))) -> >99.9
